product_name,brand,sku,weight
Honey - Liquid,PLATANUS OCCIDENTALIS POLLEN,915276182-7,52.79
Cheese - Swiss Sliced,Amar Vaporizing Chest Rub,117667221-5,40.94
"Flour - Bran, Red",Desipramine Hydrochloride,586301578-0,24.6
Glass Clear 8 Oz,HAND SANITIZING,846386345-0,9.66
Cream Of Tartar,IMODIUM,636739213-0,46.18
"Cheese - Mozzarella, Shredded",Germ Bullet,259923240-6,17.06
Chocolate - Feathers,health mart allergy complete d,713691410-8,11.3
Pork - Smoked Kassler,Losartan Potassium,310150647-6,27.59
Hinge W Undercut,Fluticasone Propionate,614985118-4,63.58
Ecolab - Balanced Fusion,Metoclopramide,536970659-X,46.81
Wine - Magnotta - Pinot Gris Sr,Doxazosin Mesylate,920344137-9,2.0
Juice - Prune,Loma Lux Psoriasis,770826359-X,32.49
Rappini - Andy Boy,Clonidine Hydrochloride,164285040-3,99.44
Remy Red Berry Infusion,Sheep Sorrel,474260893-3,68.92
Wine - Chablis 2003 Champs,Junel 1/20,440750344-0,15.68
Coffee - Frthy Coffee Crisp,Mosquito,757301262-4,69.89
Dried Cranberries,ALLEGRA-D 24 HOUR,433667614-3,51.33
Sponge Cake Mix - Vanilla,Australian Gold,905087078-3,50.5
Steampan - Lid For Half Size,Hydroxychloroquine Sulfate,108243906-1,5.66
Egg Patty Fried,Penicilium chrysogenum,758209457-3,95.35
"Nut - Walnut, Pieces",Chlorpromazine Hydrochloride,987090833-0,19.41
Bread - Petit Baguette,Scilla Crataegus,088134102-9,37.87
Wine - Two Oceans Cabernet,Insect Bites,119547963-8,5.53
"Olives - Green, Pitted",NIVEA for Men Replenishing Lip Balm,777983300-3,3.86
"Yeast - Fresh, Fleischman",CANIS LUPUS FAMILIARIS SKIN,233764427-8,65.8
Wine - Casablanca Valley,Tretinoin,454117729-3,45.95
Beef - Striploin Aa,Midazolam Hydrochloride,678557624-5,5.99
Wine - Coteaux Du Tricastin Ac,Cardene IV,997026519-9,99.89
"Pork - Ham, Virginia",Doxazosin,499606810-8,93.41
Pie Pecan,"Dextroamphetamine saccharate, amphetamine aspartate monohydrate, dextroamphetamine sulfate, amphetamine sulfate",718013541-0,76.63
Horseradish Root,Enalapril Maleate and Hydrochlorothiazide,007933236-6,5.56
"Pepper - White, Whole",Mirtazapine,278821762-5,86.52
Cheese - Cream Cheese,Amlodipine Besylate,416093511-7,51.62
"Shrimp, Dried, Small / Lb",SULWHASOO SNOWISE BRIGHTENING BB BASE,709540038-5,22.42
Ocean Spray - Kiwi Strawberry,sinus and allergy pe,677867468-7,56.25
Plaintain,Carvedilol,408635862-X,58.91
Wine - Fino Tio Pepe Gonzalez,Elliotts B,511895654-4,13.13
"Soup - Campbells, Butternut",OBAGI-C RX SYSTEM NORMAL-DRY,775914101-7,48.38
Glass Clear 8 Oz,enMotion Antimicrobial Healthcare Personnel Handwash Fragrance Free,357009751-X,14.98
Turkey Leg With Drum And Thigh,healthy accents cold and allergy,174370703-7,74.84
Napkin Colour,COUGH AND COLD NIGHTTIME FORMULA KIDS RELIEF,805114705-7,8.28
Blouse / Shirt / Sweater,XtraCare Foaming Facial Cleanser,937842136-9,86.36
Appetizer - Lobster Phyllo Roll,Diovan,666977073-1,3.73
Juice - Orangina,Losartan Potassium,404924212-5,30.84
Pineapple - Golden,Gabapentin,506303023-8,89.69
Lemons,Goodys Migraine Relief,001347026-4,17.33
Lettuce - Escarole,Lithium Carbonate,969150035-3,91.16
Cream - 35%,Neomycin Sulfate,165022551-2,49.7
Pickles - Gherkins,Docusate Sodium Stool Softener,700719234-3,77.96
Burger Veggie,Ethosuximide,301854272-X,80.73
Silicone Paper 16.5x24,bisoprolol fumarate and hydrochlorothiazide,713446023-1,82.56
"Lemonade - Mandarin, 591 Ml",HOUSE DUST,431408945-8,20.28
"Crush - Orange, 355ml",Terragen HG Treatment,581275932-4,27.1
Ham - Proscuitto,acid reducer,519183265-5,47.26
Pike - Frozen Fillet,Le Velvet Film Makeup Refill,280596235-4,51.41
Wine - Ruffino Chianti,APAP,882521169-4,91.33
Cup - Paper 10oz 92959,La Roche Posay,660639171-7,59.02
Oil - Safflower,Tribenzor,704114078-4,15.29
Spice - Chili Powder Mexican,Heparin Sodium,048570405-6,19.56
Dragon Fruit,Slash Pine,607283976-2,6.61
"Soup - Knorr, Country Bean",Lab1796 Anxiety Shield,045208156-4,88.49
Tobasco Sauce,Propylthiouracil,677655056-5,68.52
"Coconut - Creamed, Pure",Alendronate Sodium,786270025-2,41.16
Cloves - Whole,Methadone Hydrochloride,246858683-2,29.8
Orange - Blood,H-Shingles Formula,204143558-5,37.19
Fudge - Cream Fudge,Senna S Stool Softener with Laxative,289172906-4,38.72
Cornstarch,Qualaquin,221585794-3,87.71
Cheese - Brick With Onion,CANIS LUPUS FAMILIARIS SKIN,650111262-1,48.28
Lid Coffeecup 12oz D9542b,Doxorubicin Hydrochloride,949371042-4,47.44
"Cheese - Manchego, Spanish","Air, Compressed",570882306-2,42.52
"C - Plus, Orange",Scrub Pine,704624958-X,89.47
Cookie Chocolate Chip With,GUNA-RERIO,777453225-0,32.8
Wine - Duboeuf Beaujolais,RITE AID RENEWAL,027474646-8,77.97
Gelatine Leaves - Bulk,CHILDRENS ALLERGY,495463719-8,55.84
Grapes - Green,Quinapril,861324106-9,33.8
Chocolate Bar - Smarties,Hydralazine Hydrochloride,311106309-7,59.24
"Lid - 10,12,16 Oz",Onfi,258209818-3,45.8
Iced Tea Concentrate,Ranitidine Hydrochloride,013281223-1,79.44
Green Tea Refresher,Quetiapine fumarate,967588802-4,93.72
Flour - Rye,Family Wellness,234130074-X,13.53
Wine - Blue Nun Qualitatswein,Cyzone,317568923-X,19.67
Waffle Stix,Marcaine,099710770-7,6.96
Cucumber - English,Tamnamo Vital Hair Treatment,159731458-7,89.27
Chips - Miss Vickies,Trazodone Hydrochloride,623613649-1,93.16
"Flour - Corn, Fine",Head and Shoulders,731477674-1,67.36
Wine - Malbec Trapiche Reserve,Ferrum sidereum 6,359929963-3,38.4
Port - 74 Brights,Glycopyrrolate,064714560-X,99.14
Containter - 3oz Microwave Rect.,Flatulence,795850268-0,34.09
Soup Bowl Clear 8oz92008,Immune Waker,660885115-4,44.09
Wine - Balbach Riverside,Naproxen Sodium,711617624-1,28.59
Lemons,VALACYCLOVIR HYDROCHLORIDE,945411290-2,52.84
Pate - Peppercorn,Dexamethasone Sodium Phosphate,681239509-9,90.75
"Mushroom - Chanterelle, Dry",Triple Antibiotic,483924881-8,37.33
Appetizer - Cheese Bites,Chlordiazepoxide and Amitriptyline Hydrochloride,926721251-6,61.41
"Vodka - Lemon, Absolut",Mirtazapine,867596830-2,33.89
Sausage - Breakfast,Mystic Foaming Hand Sanitizer,406439489-5,59.11
Fruit Salad Deluxe,Sulphur Kit Refill,680586611-1,72.88
Strawberries,Curly Dock,668631392-0,25.72
Grenadine,Famotidine,557762385-5,87.5
"Garlic - Primerba, Paste",equate hemorrhoidal,833510592-8,62.2
Mayonnaise,Omeprazole,507043780-1,37.61
Beer - Sleemans Cream Ale,RUMEX ACETOSELLA POLLEN,403955090-0,50.17
Liners - Baking Cups,Phentermine Hydrochloride,573246569-3,41.82
Clams - Canned,Enoxaparin Sodium,623378721-1,81.64
"Yogurt - Cherry, 175 Gr",Lingerie De Peau BB Beauty Booster Invisible Skin-Fusion Multi-Perfecting Makeup With Sunscreen Broad Spectrum SPF 30 LIGHT,236174867-3,77.16
"Soup - Knorr, Chicken Gumbo",SKIN ERUPTIONS,593049025-2,86.27
Beef Tenderloin Aaa,AZITHROMYCIN,605455324-0,60.35
Beer - Fruli,Fluocinolone Acetonide,450011614-1,3.14
Dish Towel,Acetaminophen,241150571-X,33.38
Wine - Balbach Riverside,Pamine,492420273-8,65.24
Chocolate - Sugar Free Semi Choc,Zicam Cold Remedy Liqui-Loz,811376316-3,64.31
Pork - Bones,Metronidazole,526093007-X,94.03
Canadian Emmenthal,English Walnut,088054801-0,96.31
"Wine - Red, Antinori Santa",Azithromycin,282821977-1,86.77
Salt - Table,SkinTX Medicated Acne Wash,943370025-2,10.32
Cocoa Powder - Dutched,Gelato APF,427311129-2,92.81
Cheese - Montery Jack,Surfak Stool Softener,794961276-2,4.96
Dried Figs,Isoniazid,486386691-7,7.18
Flavouring Vanilla Artificial,Ray Defense Borad Spectrum SPF 30 sunscreen,149956509-7,99.81
Coriander - Seed,Amlodipine Besylate,168211483-X,93.71
Turkey Leg With Drum And Thigh,TopCare Cold and Sore Throat,860900473-2,21.16
"Ham - Smoked, Bone - In",Simvastatin,439110940-9,23.85
Veal - Eye Of Round,Vanilla Hand Sanitizer,804520132-0,74.13
Rabbit - Whole,Clobetasol Propionate,717044860-2,54.98
Island Oasis - Lemonade,Sunmark Nicotine,535947447-5,44.55
"Juice - Orange, 341 Ml",Fentanyl Citrate,353526221-6,72.01
"Nestea - Ice Tea, Diet",HYOSCYAMINE SULFATE,677327513-X,1.19
"Ice - Clear, 300 Lb For Carving",Fibro Relief,327070547-6,52.69
"Beef - Kindney, Whole",Fanapt,085806110-4,22.48
Neckerchief Blck,Mountain Cedar Pollen,570198328-5,2.06
Wine - Pinot Noir Stoneleigh,Adult Infuvite Multiple Vitamins for Infusion Pharmacy Bulk,149354653-8,40.03
Beans - Green,Non Drowsy Cold and Cough PE,307906707-X,29.7
"Vermouth - White, Cinzano",Respitrol,205500989-3,26.61
Juice Peach Nectar,Clean,741422883-5,21.04
Wine - Niagara Peninsula Vqa,acetaminophen,732060274-1,95.57
Garam Marsala,Fluconazole,143364804-0,50.17
Bread - Granary Small Pull,Good Neighbor Pharmacy Stay Awake,094614111-8,18.3
Veal - Loin,Ciprofloxacin,785833745-9,77.41
Soup - Campbells Chicken,CELEBREX,431004362-3,83.66
Mousse - Mango,Ketorolac Tromethamine,252089739-2,96.77
Durian Fruit,Remedy with Phytoplex Antifungal Clear,399467382-8,60.27
Pop Shoppe Cream Soda,Topotecan Hydrochloride,548705851-2,59.88
"Thyme - Lemon, Fresh",Prochlorperazine Maleate,740041064-4,35.35
Muskox - French Rack,Tolterodine Tartrate,344583390-7,43.61
Rabbit - Whole,Nighttime Multi-Symptom Cold and Flu Relief,708657516-X,36.12
"Beef - Roasted, Cooked",SODIUM CHLORIDE,043655671-5,3.72
Pineapple - Regular,Tolterodine Tartrate,166991533-6,42.38
Wine - Rhine Riesling Wolf Blass,CARYA ILLINOINENSIS POLLEN,776716967-7,26.27
Nectarines,VP-GGR-B6,165620104-6,51.94
Vinegar - Red Wine,LEVOTHYROXINE SODIUM,025477380-X,77.79
Truffle Cups Green,Egg White,828329167-X,35.14
Laundry - Bag Cloth,Aquafresh Big Kids,699565570-2,49.06
"Cup - 6oz, Foam",Cough Baby,789848375-8,86.33
Island Oasis - Strawberry,Ciprofloxacin,745072572-X,64.98
Seabream Whole Farmed,Bryonia Stannum,557784034-1,47.09
Tuna - Sushi Grade,"Animal Allergens, Feather Mix",493867481-5,6.98
Crab - Meat,Fondaparinux Sodium,119228453-4,70.31
Lighter - Bbq,Tacrolimus,620287075-3,66.33
Beef - Cow Feet Split,Ropinirole Hydrochloride,166909360-3,97.02
Bread - Italian Sesame Poly,Phentermine Hydrochloride,743364795-3,35.27
Lid Coffee Cup 8oz Blk,SUNBAR SPF 15,678859048-6,70.61
"Syrup - Monin, Amaretta",Cheon Shim Bo Hwa,274213705-X,73.99
Chinese Lemon Pork,Sleep Aid,451748804-7,22.82
Island Oasis - Ice Cream Mix,Acetaminophen,608804975-8,80.9
Clams - Canned,Jun Wai Lung Medicine,927994688-9,15.85
Juice - Cranberry 284ml,Morphine Sulfate,213018048-5,57.97
"Sugar - Sweet N Low, Individual",mitoXANTRONE,551882984-1,15.02
Mushrooms - Honey,Sensible,166963924-X,85.34
Lotus Root,MAYFAIR ANTI-BACTERIAL HAND SANITIZER,191284852-X,11.25
"Chocolate - Pistoles, Lactee, Milk",Promethazine Hydrochloride,220158765-5,33.99
Coffee - Ristretto Coffee Capsule,Dioscorea batata 16 Special Order,245042254-4,42.41
Soup Knorr Chili With Beans,Atorvastatin Calcium,628212868-4,32.71
Gelatine Powder,Risperidone,469508414-7,28.36
Sword Pick Asst,Iodine Formula Filled Swab,582443774-2,58.32
Apples - Sliced / Wedge,Jantoven,326841151-7,81.47
Glucose,CEFACLOR,405614465-6,48.63
"Bread - Roll, Whole Wheat",Metoprolol Tartrate,462680208-7,45.66
Longos - Chicken Curried,Candida,561057417-X,96.42
Gooseberry,Carbamazepine,262875949-7,9.47
Pur Source,anti-bacterial foaming,766334070-1,12.6
"Lentils - Red, Dry",Ceftriaxone Sodium,891348903-1,27.49
Beef - Striploin,R-Tanna,030548902-X,77.83
Mussels - Frozen,pain relief,946868376-1,64.53
Wine - Casillero Deldiablo,Percogesic Extra Strength,306807122-4,93.06
Soupcontfoam16oz 116con,CALMS FORTE,749606397-5,2.03
Muffin Mix - Morning Glory,a.c.care Bees Foam Cleanser,546585976-8,22.84
Pasta - Cheese / Spinach Bauletti,oxygen,655371460-6,84.73
Steampan - Foil,CHILDRENS COLTALIN,849353592-3,18.33
Appetizer - Mango Chevre,Maracuja Miracle Foundation 12-Hour Foundation Broad Spectrum SPF 15 Sunscreen,872877092-7,80.71
Dates,OxyContin,056484083-1,23.37
Wine - Periguita Fonseca,Badger SPF 35 Kids All Season,730137115-2,48.22
Squid - U 5,Equaline pain relief,173075139-3,93.93
Wood Chips - Regular,"Butalbital, Acetaminophen, Caffeine and Codeine Phosphate",736808292-6,11.24
Cornstarch,MEDI-PATCH WITH LIDOCAINE,104768641-4,29.15
Coriander - Ground,Anticavity Fluoride Rinse,829031209-1,53.82
"Pepper - Julienne, Frozen",MegaFresh Hand Sanitizer,075551467-X,32.38
Pork Ham Prager,Denorex Therapeutic,649612067-6,57.55
"Asparagus - Green, Fresh",Headache Relief PM,254502892-4,35.09
Bagel - Whole White Sesame,Alclometasone Dipropionate,010529442-X,35.47
Macaroons - Homestyle Two Bit,OXYGEN,985228481-9,42.8
Wine - Periguita Fonseca,Good Neighbor Pharmacy Heartburn Relief,084951284-0,64.61
Steampan - Half Size Shallow,Diazepam,188178184-4,9.88
Mace Ground,Metronidazole,646645962-4,86.67
Oil - Grapeseed Oil,Oxybutynin Chloride,807563919-7,11.34
Ice Cream - Super Sandwich,Furosemide,632568443-5,58.48
"Yogurt - Blueberry, 175 Gr",Carbon Dioxide,369539225-8,2.17
Guinea Fowl,Amlodipine Besylate,111780211-6,63.91
"Pasta - Bauletti, Chicken White",Sensorcaine,716411099-9,99.04
Oneshot Automatic Soap System,Fexofenadine Hydrochloride,988075446-8,1.96
Kellogs Cereal In A Cup,Headache Relief PM,009639332-7,28.17
Fenngreek Seed,Analpram HC,492252556-4,78.29
Lid Tray - 16in Dome,Robinul,732225467-8,14.96
Duck - Whole,Antiseptic Mouth Rinse,719476957-3,13.58
Onions - Vidalia,Fluocinonide,308594354-4,2.41
Calypso - Black Cherry Lemonade,HAND SANITIZING,553563660-6,48.19
Cookies - Assorted,Blueberry,709759291-5,20.6
Alize Sunset,Isosorbide,548797662-7,18.64
Rabbit - Whole,Chlordiazepoxide Hydrochloride,674721616-4,84.91
Container - Clear 16 Oz,Tartar control plus,885118284-1,65.96
Wine - Prem Select Charddonany,Depakote,930030882-3,26.13
Coffee Beans - Chocolate,Tarka,696817097-3,76.37
Vinegar - Sherry,Fentanyl,941653784-5,48.93
Coffee Caramel Biscotti,Mirtazapine,532555210-4,8.11
Syrup - Pancake,Lari-Clear,791189852-9,27.62
Wine La Vielle Ferme Cote Du,Burns,818733738-9,58.96
Oil - Olive,ENREGIN Anti-Blemish Cleanser,208240839-6,17.1
Aromat Spice / Seasoning,Shrimp,740069511-8,61.27
Napkin Colour,Nitrogen,924124138-1,29.3
"Artichokes - Knobless, White",DNA,761431139-6,13.92
Lid - 16 Oz And 32 Oz,Zetia,792889482-3,68.96
Fenngreek Seed,Calcium Gluconate,056792465-3,14.12
V8 - Tropical Blend,Degree,747260501-8,6.27
Cake Slab,Oxycodone Hydrochloride and Acetaminophen,685272676-2,44.42
Wine - Montecillo Rioja Crianza,ProstaScint Kit for the Preparation of Indium In 111 Capromab Pendetide,212299304-9,55.76
Pork - Smoked Kassler,Grippe-HP,284807228-8,74.55
Cheese - Cream Cheese,Headache Relief,502877968-6,41.58
"Lamb - Leg, Boneless",Amlodipine and Atorvastatin,226419650-5,2.22
Chicken - Whole Roasting,Bacitracin Zinc and Polymyxin B Sulfate,410118210-8,7.47
Cleaner - Comet,desloratadine,731671111-6,39.56
Sprouts - Peppercress,Hemox A,773972560-9,76.34
Potatoes - Mini White 3 Oz,Osmitrol,981846798-1,88.56
Crab - Meat Combo,Wheat Bunt,402021358-5,29.06
"Wine - Cahors Ac 2000, Clos",Buminate,613653343-X,86.3
"Bread - Multigrain, Loaf",Hand Sanitizer,133322577-6,3.77
Lettuce - Escarole,ARRID EXTRA DRY,726249453-8,48.6
Veal - Knuckle,NITROGEN,891902239-9,1.12
Broom And Brush Rack Black,Irbesartan,989021420-2,38.09
"Soup - Knorr, Ministrone",DOXIL,522627715-6,49.7
Cod - Fillets,Paclitaxel,508323866-7,13.14
Bread - Italian Corn Meal Poly,ASPERGILLUS FUMIGATUS,264852166-6,5.32
Cookie Dough - Double,Amlodipine Besylate,091926102-7,29.53
Limes,Ili Hand Sanitizer,614285982-1,74.97
Gooseberry,ESCITALOPRAM,460037662-5,71.92
Island Oasis - Strawberry,Anti-Bacterial Hand,481524611-4,13.21
Wine - Champagne Brut Veuve,PCXX NEUTRAL GEL RASPBERRY BLAST,816087506-1,43.29
Wine - Magnotta - Belpaese,"Butalbital, Acetaminophen and Caffeine",048953812-6,16.06
Chinese Foods - Pepper Beef,PreviDent,432286340-X,91.49
Pork - Bones,Oxygen,191542145-4,93.36
Wine - Prem Select Charddonany,Green Apple Hand Sanitizer,459941927-3,69.86
Quail Eggs - Canned,THE FIRST CLEAR TONER,658770551-0,58.95
Turkey - Ground. Lean,"Pollens - Trees, Cedar, Mountain Juniperus ashei",960848890-7,87.49
Cookie Trail Mix,cisatracurium besylate,917996353-6,8.87
Hersey Shakes,Aricept,738746260-7,40.67
Bar Nature Valley,Menstrual Relief,808165693-6,80.66
Lettuce - Boston Bib,Atorvastatin Calcium,661886993-5,91.52
Soup Campbells Beef With Veg,Hydrogen Peroxide,299844081-9,2.63
Apple - Northern Spy,Escitalopram Oxalate,634917807-6,18.9
Nescafe - Frothy French Vanilla,Daily Moisturizing,908947499-4,48.52
Wine - Trimbach Pinot Blanc,Scot-Tussin,577762848-6,31.65
Wine - Cotes Du Rhone Parallele,Vapor Plus,906801643-1,44.6
Alize Gold Passion,EQUATE CREAMY DIAPER RASH RELIEF,618747717-0,14.84
Containter - 3oz Microwave Rect.,Glytone acne self cleanser,087192701-2,61.06
Momiji Oroshi Chili Sauce,Oxygen,866462196-9,83.71
Bananas,Esomeprazole strontium,554845279-7,29.37
Bacardi Mojito,Aquaphor Original,055349090-7,8.69
Oxtail - Cut,"MAPLE MIX, RED/SILVER/SUGAR POLLEN",270924150-1,80.99
Oil - Hazelnut,MEIJER SPF 15,755189069-6,61.2
Corn Meal,ROUGH MARSHELDER POLLEN,233239433-8,7.35
"Brownies - Two Bite, Chocolate",LIQUIDAMBAR STYRACIFLUA POLLEN,486373367-4,47.39
"Nut - Walnut, Chopped",Fluocinonide,003199674-4,68.91
Pork - Hock And Feet Attached,Musco MXT,663177430-6,78.97
Tandoori Curry Paste,ondansetron hydrochloride,855920879-8,42.44
"Napkin - Dinner, White",Gabapentin,932629788-8,67.23
Seaweed Green Sheets,Daily Defense Sunblock,545577954-0,51.41
Wine - Barolo Fontanafredda,CACTUS FLOWER AND MANGO ANTIBACTERIAL DEEP CLEANSING HAND SP,994683862-1,34.74
Rice Wine - Aji Mirin,pain relief,682607318-8,5.62
Cotton Wet Mop 16 Oz,Olanzapine,328698978-9,53.92
"Soup - Campbells, Spinach Crm",Pink Antibacterial,582095045-3,29.74
Wine - Alsace Gewurztraminer,Rizatriptan Benzoate,682629816-3,63.05
Truffle Shells - White Chocolate,Olanzapine,032465469-3,63.18
Table Cloth 91x91 Colour,Atenolol,320878807-X,90.01
"Veal - Shank, Pieces",Prednisone,307542816-7,85.07
Sugar - Splenda Sweetener,Bupivacaine HCl,894902031-9,86.31
Sorrel - Fresh,Active OB,812500255-3,6.04
Lobster - Tail 6 Oz,Octagam Immune Globulin (Human),177675109-4,35.5
The Pop Shoppe - Root Beer,Rose Sap Patch,069706926-5,85.62
Soup - Campbells Chicken,SAFEWAY CARE,885923933-8,71.29
Nantucket - Kiwi Berry Cktl.,Nitetime Cold and Flu,037084171-9,22.25
Parsnip,HYDROCODONE BITARTRATE AND ACETAMINOPHEN,628947648-3,98.8
Wasabi Powder,Oxcarbazepine,820538138-0,11.41
Flour - Fast / Rapid,MEDICATED-PADS Hemorrhoidal Pads with Witch Hazel,853101989-3,8.63
"Beans - Black Bean, Preserved",Sinus and Cold D,136411344-9,25.59
"Lamb - Leg, Bone In",DermaGel,648965874-7,18.6
The Pop Shoppe - Root Beer,Morphine sulfate,532523220-7,52.65
Sour Puss Raspberry,LBEL,515317868-4,21.59
Paste - Black Olive,Roxicodone,906353885-5,89.44
"Pasta - Fettuccine, Dry",Myristica Argentum Sinus Relief,163624283-9,89.53
Initation Crab Meat,Glyburide,705317833-1,53.72
"Oregano - Dry, Rubbed",TOBREX,678612930-7,42.99
Remy Red,CYZONE,437283942-1,2.2
Cookie Dough - Chunky,IOPE B.B BB,413748222-5,19.74
Sauce - Soy Low Sodium - 3.87l,Secura Moisturizing Cleanser,845632524-4,57.63
Danishes - Mini Raspberry,Margesic,609463214-1,4.72
Oil - Macadamia,Aspergillus repens,224214052-3,71.57
Piping Jelly - All Colours,doxycycline hyclate,318435545-4,94.77
Fudge - Chocolate Fudge,Venlafaxine Hydrochloride,200328524-5,12.53
Bread - Wheat Baguette,LBel,740304663-3,63.48
Muffin - Banana Nut Individual,Growing Pains,640080342-4,70.28
Absolut Citron,Fentanyl buccal,834252762-X,11.45
Pheasants - Whole,Naproxen Sodium (NSAID),384020756-8,86.63
Durian Fruit,Teacher Collection Anti Bacterial,711155329-2,3.93
"Pasta - Fettuccine, Dry",Zafirlukast,530613067-4,52.37
"Fish - Scallops, Cold Smoked",Hyperactivity - Mental Focus,007893291-2,29.01
Wonton Wrappers,Cetirizine Hydrochloride,517836450-3,27.77
Temperature Recording Station,Glyburide,503584492-7,62.94
Cheese - Pied De Vents,Lipitor,857333808-3,54.11
Bay Leaf Ground,SH18 Skin Lightening,970594268-4,38.18
Muffin Mix - Chocolate Chip,Perfect Truth cc Broad Spectrum SPF 30,976276652-0,67.99
"Wine - Red, Harrow Estates, Cab",pain relief pm,171128365-7,16.71
Mudslide,OXYCODONE HYDROCHLORIDE,392327856-X,79.42
Noodles - Steamed Chow Mein,Gentamicin Sulfate,861472763-1,34.58
Scampi Tail,Warfarin Sodium,223767407-8,44.49
Soup - Cream Of Potato / Leek,Advil Liquigels,466415274-4,6.97
Sugar - Splenda Sweetener,Cardizem CD,152937696-3,79.92
Wine - Guy Sage Touraine,Amitriptyline Hydrochloride,921191534-1,78.77
Spaghetti Squash,Leukine,468242147-6,32.17
Beef Ground Medium,Levothyroxine Sodium,536108044-6,54.89
Beer - Upper Canada Lager,Cyclophosphamide,661528648-3,83.99
"Bread - Roll, Calabrese",LBEL COULEUR LUXE AMPLIFIER XP,654729290-8,19.43
Tea - Green,VFEND,241958641-7,64.63
Lambcasing,Nplate,062973801-7,70.02
Wine - Chateau Aqueria Tavel,RYE,404087017-4,4.8
Table Cloth 81x81 Colour,KLEENEX Alcohol Free Foam Hand Sanitizer,086418131-0,2.13
"Pasta - Elbows, Macaroni, Dry",Nafcillin,099530426-2,7.92
Squash - Pepper,EXCEL SPORT,464619549-6,10.22
Foam Espresso Cup Plain White,Topical Anesthetic,835585559-0,59.8
Island Oasis - Mango Daiquiri,Prairie Sage,282305195-3,25.26
Rye Special Old,Hydrochlorothiazide,904151858-4,93.01
Bread - White Epi Baguette,Fenofibrate,104931351-8,88.72
"Pail - 15l White, With Handle",Pain Relieving Patch,137208198-4,61.68
Coffee - Cafe Moreno,Potassium Chloride,814769734-1,5.67
Basil - Seedlings Cookstown,Fluphenazine Hydrochloride,557580756-8,10.97
Eel - Smoked,HYDROCODONE BITARTRATE,541355977-1,10.93
Tea - Lemon Green Tea,BAC,586406003-8,90.35
Sauce - Hp,Fluoxetine Hydrochloride,381566583-3,61.5
"Beef - Ox Tongue, Pickled",Diphenoxylate Hydrochloride and Atropine Sulfate,806012256-8,45.04
Nantucket - Orange Mango Cktl,Humalog 70/30,553530820-X,81.54
Spaghetti Squash,Antimicrobial Hand,146570854-5,63.49
Nantucket Apple Juice,Berberis Vulgaris Kit Refill,313994988-X,20.94
Ecolab - Balanced Fusion,Diltiazem Hydrochloride,248822275-5,1.8
Laundry - Bag Cloth,FibroFree Complex,590401236-5,14.94
Table Cloth 90x90 Colour,Sulfamethoxazole and Trimethoprim,905687611-2,12.7
Tofu - Soft,Pork,735040010-1,61.59
Soup V8 Roasted Red Pepper,Afinitor,739050717-9,93.72
Muffin Puck Ww Carrot,Nabumetone,491331792-X,15.98
Lamb Rack - Ontario,Minocycline hydrochloride,583071809-X,95.59
Ham - Cooked Italian,Antiseptic Mouth Rinse,826354582-X,4.82
Orange Roughy 4/6 Oz,ACETAMINOPHEN (RED),957537102-X,53.65
Broom - Angled,MISSHA M PRISM BRIGHT ON AUTO,550784268-X,62.87
Juice - Mango,Sumatriptan Succinate,948967389-7,8.76
Pie Shell - 5,Ropinirole Hydrochloride,814306016-0,48.48
Cloves - Ground,PENTACEL,616612902-5,26.43
Sun - Dried Tomatoes,STEMPHYLIUM SOLANI,597983979-8,20.19
Jolt Cola - Electric Blue,LBEL FILLING EFFECT FOUNDATION SPF 10,423431926-0,82.85
Sambuca - Ramazzotti,Healthcare Antiseptic Towelette,152841879-4,80.52
Chocolate - Liqueur Cups With Foil,Cyclobenzaprine Hydrochloride,209493932-4,19.61
"Wine - White, Antinore Orvieto",VP-ZEL,162202187-8,87.56
"Plate - Foam, Bread And Butter",Desipramine Hydrochloride,402865689-3,7.36
Filter - Coffee,SPIRONOLACTONE,819604728-2,80.78
Buffalo - Striploin,Oxytocin,792981530-7,99.78
Mince Meat - Filling,NS Support,496263045-8,88.15
"Pepper - Julienne, Frozen",AMITRIPTYLINE HYDROCHLORIDE,239723442-4,62.61
Wine - Gewurztraminer Pierre,Achromycin V,344300841-0,66.84
Potatoes - Peeled,Loratadine ODT,599678992-2,33.89
Pears - Anjou,FireFly SmileGuard Kids,651532200-3,17.47
Salt And Pepper Mix - Black,Tekamlo,652408576-0,45.72
Parsnip,Hand Wash,174348409-7,16.91
Turkey - Ground. Lean,CVS Pharmacy Sunscreen SPF 45,517852755-0,82.72
Spinach - Packaged,Ibuprofen,810422590-1,30.02
Huck White Towels,Staphysagria Kit Refill,785882620-4,96.15
Strawberries,Governing Vessel Conception Vessel,146283885-5,62.6
Chocolate - Sugar Free Semi Choc,LBEL COULEUR LUXE AMPLIFIER XP,393245934-2,40.61
Sugar Thermometer,H.P. Acthar,435310447-0,95.08
Spinach - Baby,Nu Skin Nu Colour,884592161-1,84.79
Hot Chocolate - Individual,KLOR-CON M,780368304-5,65.95
"Pasta - Fett Alfredo, Single Serve",Rough Marsh Elder,037932344-3,2.73
Flour Pastry Super Fine,Cyzone,629547769-0,26.03
Spice - Montreal Steak Spice,Sertraline Hydrochloride,233063647-4,84.98
Carbonated Water - Blackcherry,Meloxicam,827125102-3,47.08
Tray - 12in Rnd Blk,Antibacterial Lotion Soap,858720331-2,88.21
"Star Anise, Whole",KIDS FIRST AID,416107019-5,39.07
Apples - Spartan,Sulfamethoxazole and Trimethoprim,960536200-7,41.86
Napkin White - Starched,Pain Relief PM,758445468-2,80.44
Wine - Rosso Toscano Igt,Cultivated Oat,075489812-1,47.67
Pie Pecan,Theophylline,970835607-7,79.22
Scallops - Live In Shell,Candida,550447723-9,9.05
Olives - Morracan Dired,BEEVENOM EMULSION,372287427-0,63.25
Sage - Fresh,Benztropine Mesylate,384820116-X,57.72
Onions - Green,Ariel Sun Smacker SPF 24 Strawberry Kiwi,478931299-2,20.82
Pomegranates,Epsom Salt,449968998-8,15.82
"Wine - Red, Mosaic Zweigelt",Dimenhydrinate,437395709-6,15.25
Mayonnaise,Risperidone,421225509-X,47.58
Pie Pecan,Gabapentin,133516974-1,18.79
Grouper - Fresh,Olanzapine,875246013-4,34.42
"Bar Mix - Pina Colada, 355 Ml",Gaviscon,688528312-6,56.81
Cookies - Englishbay Oatmeal,careone stomach relief,984618932-X,65.09
Bagel - Everything Presliced,Adenosine,776607102-9,7.15
Pastry - Key Limepoppy Seed Tea,Gentle Laxative,881644367-7,60.48
Spinach - Baby,Risperidone,113291685-2,32.36
Wine - Tribal Sauvignon,topiramate,417588792-X,86.56
Beef Flat Iron Steak,ZOLPIDEM TARTRATE,910898963-X,33.12
Wine - Riesling Alsace Ac 2001,TOPIRAMATE,355403179-8,89.45
Cheese - Marble,Allerforce,957928223-4,75.69
Bar Mix - Lemon,Appetite Enhancer,130005648-7,45.73
Chips - Potato Jalapeno,TOPCARE,911824989-2,91.61
Vodka - Moskovskaya,"Pollens - Weeds, Dock/Sorrel Mix",240322639-4,38.88
Wine - Pinot Grigio Collavini,Metamucil,999600165-2,21.9
Soup - Campbells,Prednisone,559786181-6,39.59
Chips - Potato Jalapeno,EQUATE CREAMY DIAPER RASH RELIEF,238109339-7,41.63
Bread - Rosemary Focaccia,Lovenox,555094362-X,45.56
Nectarines,MENOMUNE - A/C/Y/W-135 COMBINED,649653480-2,5.3
Beef - Diced,Pain Relief,869508741-7,45.07
Bread - Flat Bread,Safety Coated Aspirin,904639730-0,27.22
Jam - Apricot,Vamousse Lice Prevention,742465089-0,21.1
Chocolate Bar - Reese Pieces,3 in 1 Antibacterial Hair and Body Wash,278208149-7,96.24
Turkey Leg With Drum And Thigh,Carelessweed,479441204-5,2.6
"Plate - Foam, Bread And Butter",Rite Aid Sunscreen,170979143-8,37.78
Island Oasis - Lemonade,TISSEEL,936793767-9,44.21
Sauce - Vodka Blush,Baclofen,826359015-9,84.67
Taro Root,Citalopram,645382058-7,95.5
"Pasta - Fett Alfredo, Single Serve",Health Smart Vaporizing Chest Rub,595222927-1,8.83
Bacardi Limon,CLONIDINE HYDROCHLORIDE,985213832-4,75.37
Roe - White Fish,KROGER NICOTINE TRANSDERMAL SYSTEM,977214202-3,22.12
Tarts Assorted,cephalexin,300819976-3,96.18
Breakfast Quesadillas,AQUAFRESH,133822805-6,80.36
Sugar - Splenda Sweetener,Duloxetine Hydrochloride,329988998-2,95.07
Wine - Cabernet Sauvignon,Imipenem and Cilastatin,302502369-4,71.02
Island Oasis - Ice Cream Mix,Morphine Sulfate,815249640-5,54.32
Muffin Orange Individual,LOTRONEX,286310086-6,88.65
Pepper - Cayenne,Degree,385326895-1,38.91
External Supplier,Glyburide and Metformin Hydrochloride,718246425-X,47.37
"Beef - Tongue, Fresh",Motion Sickness,845853031-7,75.25
"Garlic - Primerba, Paste",Acid Controller Complete,496712260-4,14.76
Mix - Cocktail Ice Cream,Clindamycin,434258319-4,89.14
Chick Peas - Canned,Uncoated Aspirin,847455627-9,54.92
Icecream - Dstk Cml And Fdg,Bite Beauty,798286230-6,61.29
Yams,7 select all day allergy,084305027-6,73.57
Soup - Campbells Bean Medley,Stool Softener,263973467-9,68.26
Yoghurt Tubes,Nimodipine,752265960-4,76.12
Island Oasis - Strawberry,Diphenhydramine Hydrochloride,712591849-2,63.85
Cheese Cloth,TC EnrichedFoam,892000700-4,36.4
Appetizer - Veg Assortment,ESIKA,584221604-3,63.16
Food Colouring - Green,Depo-Testosterone,508698704-0,27.85
"Asparagus - Green, Fresh",CVS,686343609-4,90.49
"Lettuce - Romaine, Heart",Fluconazole,483788966-2,29.44
Cookie Chocolate Chip With,Bupropion Hydrochloride,816244551-X,63.64
Tamarind Paste,Infected Cuts and Punctures,694126478-0,56.62
Wine - Vovray Sec Domaine Huet,Wart Control,961159461-5,10.85
Lettuce - Curly Endive,Detoxifier,792529559-7,81.61
Muffin Batt - Blueberry Passion,Antibactierial Hand Sanitizer,982385642-7,39.71
"Mushroom - Chantrelle, Fresh",XtraCare Anti-Dandruff Hair Cleanse,037970404-8,54.47
Chinese Foods - Plain Fried Rice,Oxygen,608990498-8,22.41
Steampan - Lid For Half Size,Alprazolam,313091007-7,36.8
"Butter - Salted, Micro",Doxycycline Hyclate,142453791-6,48.03
Poppy Seed,DELFLEX,975813621-6,71.91
Pie Filling - Pumpkin,Triamcinolone Acetonide,961304320-9,35.12
Bag Clear 10 Lb,Antibacterial Beauty,881663369-7,84.43
Pastry - Carrot Muffin - Mini,risperidone,026942983-2,83.96
Longos - Chicken Curried,ARNICA MONTANA (WHOLE PLANT),046222786-3,75.14
"Sole - Dover, Whole, Fresh",Mirtazapine,965420657-9,85.01
"Cake Circle, Paprus",Ephedrine Sulfate,839435613-3,49.58
Flour - All Purpose,Felodipine,279380403-7,73.16
"Orange - Canned, Mandarin",careone antacid,049414814-4,52.36
Ice Cream Bar - Oreo Sandwich,CANDIDA ALBICANS,168897172-6,44.5
"Rum - Coconut, Malibu",Metoprolol Tartrate,213851543-5,40.76
Grapes - Green,Polyethylene Glycol 3350,102214978-4,32.97
"Bread - Roll, Italian",DR. RECKEWEG R45 Laryngin,119446343-6,37.24
Juice - Happy Planet,BABOR BODY LINE THERMAL Firming Body,191306832-3,8.41
"Juice - Orange, Concentrate",Zicam Ultra Cold Remedy Rapidmelts,469173902-5,5.71
"Pasta - Orzo, Dry",HYDRACLEAR HYDRATING ACNE GEL,030657791-7,45.64
Cake - Miini Cheesecake Cherry,Bisoprolol Fumarate and Hydrochlorothiazide,599888648-8,26.27
Chicken - Ground,CANIS LUPUS FAMILIARIS SKIN,628572488-1,74.24
Seaweed Green Sheets,Depression - Mood Support,853590649-5,51.51
Milk - 2%,Hydro 35,290131298-5,92.57
Cheese Cloth,Isosorbide Dinitrate,885283553-9,76.54
"Tomatoes - Vine Ripe, Red",Karaya Gum,807703382-2,60.32
"Brocolinni - Gaylan, Chinese",GAP Favorite Lip Balm,885927379-X,88.71
Squash - Acorn,Velvet Grass,320389185-9,81.41
Mayonnaise - Individual Pkg,Ketorolac Tromethamine,208112350-9,83.46
Spring Roll Veg Mini,rizatriptan benzoate,543009606-7,55.76
Ecolab Silver Fusion,Rexall Ibuprofen,301465218-0,50.13
Wine - Chablis 2003 Champs,Oxygen,376624674-7,77.96
Tumeric,Dental Plak,348319275-1,91.25
Potatoes - Parissienne,BOA VIDA Recovery Creme,679278756-6,15.39
"Extract - Vanilla,artificial",Youth Protection SPF 30,936407389-4,98.97
Sprouts - Bean,Neomycin and Polymyxin B Sulfates and Dexamethasone,990732001-3,48.13
Bread Base - Gold Formel,Venlafaxine Hydrochloride,840018094-1,91.23
Quinoa,CARE ONE,102772873-1,50.71
Cheese - Swiss Sliced,Couch Quack Grass,621977035-8,10.19
Olives - Morracan Dired,Repaglinide,291083275-9,59.59
Tomato - Tricolor Cherry,napoleon PERDIS FOUNDATION STICK BROAD SPECTRUM SPF 15 Look 4,593091311-0,38.62
Cheese - Taleggio D.o.p.,Superdent,630620309-5,89.09
Cheese - St. Paulin,Strattera,809958721-9,68.96
"Cherries - Maraschino,jar",ULORIC,001246542-9,22.16
Cream Of Tartar,J-MAX,865923987-3,2.01
Chicken Thigh - Bone Out,GOODSENSE IRRITATION RELIEF EYE DROPS,613663331-0,28.56
"Tart Shells - Sweet, 2",HYDRALAZINE HYDROCHLORIDE,902362643-5,51.6
"Pork - Loin, Center Cut",Olanzapine,149006098-7,78.96
Tomato Puree,Oxygen,971939058-1,53.57
Long Island Ice Tea,Smart Sense Sleep Aid,673715066-7,12.63
Chef Hat 25cm,Tretinoin,498338331-X,41.32
"Flour - Buckwheat, Dark",Recede,603793387-1,83.85
Beer - Sleemans Honey Brown,MANGO BEBE LIP CARE,024854120-X,89.91
Sauce - Roasted Red Pepper,PDI Sani-Hands,915903888-8,20.5
Sauce - Hoisin,Sinuchron,952009314-1,17.75
Rice - Aborio,Roota Re V for women,164721371-1,69.16
"Water - Mineral, Carbonated",Phentermine Hydrochloride,412133442-6,50.39
Wine - Barbera Alba Doc 2001,Galantamine hydrobromide,742713221-1,89.08
Island Oasis - Lemonade,Cyclobenzaprine Hydrochloride,044324021-3,15.22
Ham - Cooked Bayonne Tinned,Reef Safe SPF 50,149372257-3,89.57
Beer - Sleemans Honey Brown,Microban,032760217-1,20.85
Oil - Macadamia,Diazepam,964125521-5,46.71
"Cheese - Mozzarella, Shredded",ZOVIRAX,037763367-4,65.48
Mousse - Banana Chocolate,Viscum comp.,750212153-6,46.98
Pepper - Red Thai,White Oak,007532990-5,84.81
Lamb - Sausage Casings,SCHINUS MOLLE POLLEN,733399838-X,17.24
Shrimp - Black Tiger 26/30,Prednisone,151773338-3,11.43
Beer - Tetleys,PERCH,011476512-X,41.57
Bread - Flat Bread,3LAB Hydra Day SPF 20 Broad Spectrum Water-Based Sunscreen,308373565-0,30.09
Soup - Cream Of Potato / Leek,Lisinopril and Hydrochlorothiazide,281874283-8,27.91
Snapple Raspberry Tea,CLEAR CELL Medicated Acne Scrub,292819675-7,92.64
"Wine - Magnotta, Merlot Sr Vqa",ST. IVES,143209326-6,10.98
Venison - Racks Frenched,KIRKLAND SIGNATURE PRO-COMPLETE,418041473-2,42.11
Allspice - Jamaican,Bacitracin,784609748-2,90.11
Quail - Jumbo,ERYTHROMYCIN Base Filmtab,380557332-4,49.83
Wine - Fontanafredda Barolo,"Sodium Sulfacetamide, Sulfur",643700307-3,70.37
"Melon - Watermelon, Seedless",Preferred Plus Chest Congestion Relief,600897726-2,4.1
Cookie Double Choco,Venlafaxine Hydrochloride,745398317-7,99.69
Ice Cream Bar - Oreo Cone,Divalproex Sodium,065688681-1,88.86
Lemon Tarts,ORCHID SECRET FOUNDATION,220363872-9,50.18
Cake - Mini Cheesecake,Quinapril Hydrochloride and Hydrochlorothiazide,363425717-2,85.96
"Seedlings - Mix, Organic",Allerghin,989969600-5,93.65
Sterno - Chafing Dish Fuel,RHODOTORULA RUBRA,332365029-8,74.7
Miso - Soy Bean Paste,OXYGEN,505457623-1,44.4
Appetizer - Sausage Rolls,Trimethoprim,773709704-X,35.54
"Beef - Ox Tongue, Pickled",AQUAFRESH,159149184-3,49.21
Pork Loin Bine - In Frenched,SKIN TAG RELIEF,960108889-X,53.48
Pastry - Apple Large,Rivastigmine Tartrate,772400268-1,60.52
Steamers White,Fluoxetine,438281928-8,14.67
Flour - Teff,OHM Endocrine Feminine Terrain,451865544-3,94.67
"Water - Mineral, Carbonated",Dawnmist Deodorant,224397330-8,10.27
Crackers - Trio,Hydroxyzine Hydrochloride,773764503-9,38.55
Tomatoes - Heirloom,Secura Dimethicone Protectant,062875295-4,86.17
Coffee - Decaffeinato Coffee,Cockroach American,354253629-6,49.82
"Bread - White, Unsliced",Good Sense Stomach Relief,009563583-1,37.52
Chevere Logs,Sildenafil,197554230-4,82.21
Ice Cream Bar - Oreo Sandwich,Neutrogena Wet Skin Swim Humidity Sweat,125344512-5,18.01
Onions - Cooking,ABILIFY,683207870-6,81.7
Rye Special Old,PROCHLORPERAZINE MALEATE,314593879-7,8.7
Lumpfish Black,ZERIT,990835848-0,16.98
"Lettuce - Romaine, Heart",Sotalol Hydrochloride,786760640-8,45.01
Glaze - Apricot,Edex,338028761-X,6.37
Wine - Cava Aria Estate Brut,Valproic,872684995-X,87.97
Spinach - Packaged,Morphine SulfateER,202833609-9,3.01
Arrowroot,Carvedilol,895986918-X,20.67
"Chilli Paste, Ginger Garlic",Up and Up adult cough formula DM,559088590-6,69.93
V8 - Vegetable Cocktail,Carvedilol,758930619-3,21.81
Chicken - Livers,Sof Skin Vaporizing Chest Rub and Cough Suppressant,648127870-8,20.95
Goldschalger,Tendon Rescue,730887232-7,11.83
Tomatillo,Warfarin Sodium,936900713-X,79.38
Soup - Campbells Mac N Cheese,Natural Pain Relieving Lavender Breeze,377833544-8,68.06
Veal - Loin,Drymarine,705427203-X,71.22
"Mustard - Dry, Powder",Fenoldopam Mesylate,377602193-4,2.13
Tea - Green,Leucovorin Calcium,532763298-9,78.02
Energy Drink - Redbull 355ml,Aliclen,537401775-6,61.04
Dill Weed - Dry,CHAMOMILLA,971034151-0,37.1
Cumin - Ground,Venlafaxine Hydrochloride,648060053-3,10.57
"Soup - Beef, Base Mix",all day relief,300592839-X,65.96
"Pepper - Black, Ground",Oxygen,994042828-6,47.21
Lid Tray - 16in Dome,Heparin Sodium,588633667-2,19.61
Sugar - Fine,INSTANT HAND SANITIZER,352036253-8,61.03
"Peas - Pigeon, Dry",Ulta Pomegranate Lime Anti-Bacterial Hand Sanitizer,910391498-4,90.05
Potatoes - Yukon Gold 5 Oz,JIANZE FIRST AID ANTISEPTIC SKIN TOWELETTE,365111016-8,9.46
Ecolab - Power Fusion,RECURO VAGINAL,770901694-4,89.25
Bread - Olive Dinner Roll,Synera,511483451-7,89.29
Fudge - Cream Fudge,Sandimmune,385547844-9,3.63
Marjoram - Fresh,Family Care Clotrimazole Anti-Fungal Cream 1%,633782259-5,91.48
Vaccum Bag 10x13,Varicose Veins - Phlebitis,799482843-4,43.4
"Vermouth - White, Cinzano",Metformin Hydrochloride,919694072-7,18.32
Tilapia - Fillets,TRIFLUOPERAZINE,536086216-5,20.35
"Crab - Blue, Frozen",Topotecan,918408859-1,23.47
Yeast Dry - Fermipan,Dr. Pearsalls 500 Calorie Diet,775224417-1,19.82
"Shrimp - 21/25, Peel And Deviened",Riomet,217526394-0,12.24
Onions - Spanish,Losartan Potassium and Hydrochlorothiazide,107120412-2,95.44
Taro Root,Oxandrolone,202785184-4,23.75
Vaccum Bag - 14x20,ibuprofen,353047563-7,98.98
"Cookies - Oreo, 4 Pack",Givenchy Photo Perfexion Fluid Foundation SPF 20 Perfect Vanilla Tint 4,072424698-3,84.56
Mudslide,Givenchy Photo Perfexion Fluid Foundation SPF 20 Perfect Spice Tint 9,740198790-2,48.4
Soup - Campbells Beef Stew,Arthritis Relief,074973316-0,10.88
Paper - Brown Paper Mini Cups,Alba Sunblock Natural FF SPF 30,058130775-5,58.96
Cheese - Victor Et Berthold,Isosorbide,138580032-1,58.13
Boogies,cephalexin,846693216-X,64.88
Sugar - Brown,Oxygen,044438648-3,58.49
Beer - Molson Excel,Alcare OR Foamed Antiseptic Handrub,850366315-5,33.58
Cheese - Feta,Calc. carb. Cortex Quercus Special Order,096478260-X,23.45
Spring Roll Veg Mini,Honeydew Melon,462287409-1,56.44
"Pork - Bacon,back Peameal",CELEBREX,456439540-8,42.87
Lobster - Canned Premium,999 COLD REMEDY GRANULAR,644705135-6,64.13
"Wine - Red, Marechal Foch",Plant Stemcell VEGF bFGF Tonic,159417418-0,24.5
Water - Spring Water 500ml,Ferrum Phos,474108553-8,40.17
Glass - Juice Clear 5oz 55005,Oxytocin,852733110-1,56.74
Cookie Chocolate Chip With,Simvastatin,186343742-8,63.59
Dasheen,Epicoccum,070130295-X,66.2
Chicken Breast Wing On,Diphenhydramine Hydrochloride,749111525-X,96.26
Mushrooms - Honey,Sooryehan Dabityoon Jiyoon Two way cake 23,024468533-9,76.35
Wine - Chablis J Moreau Et Fils,Inspired by Color,082190342-X,48.04
Pasta - Agnolotti - Butternut,Rehydrate,433996678-9,29.54
Versatainer Nc - 9388,ESSENTIAL SOLUTION VITA C MASK SHEET,088137534-9,33.91
Green Tea Refresher,AllerguEase Food and Chemical,392621467-8,20.14
Cheese - Mix,Acyclovir,096727855-4,58.68
Beer - Molson Excel,Sertraline Hydrochloride,081841419-7,4.48
Arizona - Green Tea,ANTIBACTERIAL,941794421-5,75.39
Mortadella,Bangs Scrapes,808036047-2,91.58
Wine - Sake,AntiGas Gas Relief,886256726-X,71.84
Kellogs Raisan Bran Bars,clindamycin phosphate,707885467-5,45.32
"Pepper - White, Whole","Hydrocodone Bitartrate, Chlorpheniramine Maleate, and Pseudoephedrine HCl",037882022-2,93.28
"Artichokes - Knobless, White",Gonal-f RFF Pen,531509308-5,98.06
Wine - Cousino Macul Antiguas,Halls,614123775-4,58.18
Soup Bowl Clear 8oz92008,Ondansetron Hydrochloride,727747673-5,86.94
Tumeric,Cefotetan,927530311-8,99.05
Muffin Mix - Raisin Bran,Oxygen,522646072-4,30.39
Hersey Shakes,Alternaria alternata,373750165-3,23.34
Chinese Lemon Pork,Kit for the Prepartion of Technetium Tc99m Sulfur Colloid,704419639-X,63.98
Kippers - Smoked,ESSENCE OF BEAUTY,203640979-2,17.83
"Bread - Pumpernickle, Rounds",CENTER-AL - ATRIPLEX WRIGHTII POLLEN,548817743-4,84.42
"Beef - Baby, Liver",Levetiracetam,896999431-9,48.82
"Beer - Alexander Kieths, Pale Ale",Wart Control,617506799-1,61.42
Capers - Pickled,Klor-Con,586713258-7,84.01
"Mushroom - Oyster, Fresh",Bayberry,111765282-3,78.05
Remy Red Berry Infusion,"Sodium Citrate Blood-Pack Units, (PL 146 Plastic)",941835672-4,73.7
"Syrup - Monin, Irish Cream",Couch Quack Grass,013203915-X,93.55
Chevere Logs,Ageless Pain Relief,539520850-X,35.57
Cookie - Dough Variety,IRIS ANTIMICROBIAL HAND SANITIZER,260572977-X,33.98
Kolrabi,risperidone,701305695-2,53.3
Extract - Almond,OXYGEN,817742933-7,52.22
"Lamb - Whole, Fresh",Delsym Childrens Night Time,652718035-7,55.72
Bread - Wheat Baguette,Loratadine ODT,820370356-9,85.76
Pike - Frozen Fillet,Nighttime Sleep-Aid,291963841-6,24.72
"Wine - Red, Mosaic Zweigelt",Venlafaxine Hydrochloride,875522844-5,77.04
Puree - Guava,Se-Natal 19,916492581-1,10.07
"Asparagus - White, Fresh",SKIN CAVIAR CONCEALER FOUNDATION SUNSCREEN SPF 15 - Ivoire,286187385-X,89.85
"Cheese - Havarti, Roasted Garlic",UREA,998870623-5,67.33
Cake Slab,CAREALL Naproxen,666981533-6,87.57
Turnip - Wax,Bumetanide,228725552-4,51.89
"Oil - Truffle, Black",Lymphdrainex,263478074-5,25.04
Coffee - Espresso,Colgate,754468328-1,85.67
Chicken - Leg / Back Attach,Mirtazapine,354264189-8,17.16
Coffee - Decaffeinato Coffee,DELUXE Dish DETERGENT,052648112-9,79.88
Container Clear 8 Oz,SUNFLOWER POLLEN,640364134-4,11.17
Bread - Malt,meloxicam,817689090-1,15.38
Shrimp - 31/40,BLACKBERRY,234277918-6,32.55
"Pasta - Fettuccine, Dry",Methocarbamol,800168310-9,4.23
Figs,carvedilol,977670208-2,3.6
Cookie Dough - Double,Drowz Away,559400626-5,49.87
Taro Leaves,Colllyrium Eye Wash,287561948-9,47.62
Worcestershire Sauce,Nabumetone,636050000-0,36.57
Beef - Inside Round,MG217 Psoriasis,252254827-1,8.41
Cheese - Comtomme,Enalapril Maleate,044465448-8,36.9
Bread - White Mini Epi,Mirapex,416879905-0,29.8
Pail For Lid 1537,AHC Revitalizing Special Gen Cream,322148211-6,7.48
Extract Vanilla Pure,Skin So Soft Bug Guard Plus IR3535,562239751-0,78.06
"Nut - Almond, Blanched, Ground",DIFFERIN,364263196-7,95.38
Dried Cherries,Fast Freeze,358026483-4,8.56
Veal - Osso Bucco,FLURBIPROFEN,265214407-3,51.05
Bread - Pumpernickel,Childrens Mucus Relief COUGH,544219573-1,28.27
Pork - Caul Fat,Zoloft,876761963-0,81.76
Appetizer - Mango Chevre,Simulect,968664926-3,98.64
Liners - Baking Cups,Chick Pea,848459076-3,60.02
Pepper - Cubanelle,a.c. care Bees Sun Protection,013668351-7,37.92
Dill Weed - Dry,Casein,689666179-8,98.92
"Beef - Tongue, Fresh",Oxygen,584774469-2,75.15
"Carrots - Purple, Organic",Lisinopril,744420062-9,64.95
Catfish - Fillets,Couch Quack Grass,151433663-4,68.75
Cranberry Foccacia,FRESH JUICE E,815879697-4,11.74
Assorted Desserts,SPF 20,116748022-8,5.04
Pecan Raisin - Tarts,Green Body,652412299-2,50.69
French Pastries,All Day Pain Relief,861511556-7,50.3
Chocolate - White,Sore Throat Relief,159965823-2,73.99
Corn Syrup,Orphenadrine Citrate,420205171-8,99.61
"Beans - Kidney, Canned",RUNNY NOSE,408023009-5,94.72
Salt - Kosher,mupirocin,606461573-7,36.2
Truffle Paste,Nystatin,892449972-6,23.0
Eggplant Italian,Ben E. Keith,860474313-8,19.69
Tea - Herbal Sweet Dreams,Nitrofurantoin Macrocrystals,626434316-1,43.34
"Mushroom - Shitake, Fresh",Pepper Tree Pollen,773701252-4,60.78
"Wine - White, Pinot Grigio",Sotalol Hydrochloride,084441098-5,3.92
Bread Fig And Almond,OBAGI C RX SYSTEM C CLARIFYING SERUM,731652517-7,10.54
Flavouring - Orange,Amantadine Hydrochloride,336247594-9,90.44
"Water - Spring Water, 355 Ml",Dexamethasone,570262366-5,19.79
Water - San Pellegrino,ApexiCon E,903739260-1,17.32
Juice - Lime,Vibativ,236319527-2,15.56
Pie Shell - 9,FOSAMAX PLUS D,871434409-2,28.09
Pastry - Key Limepoppy Seed Tea,Natural Cherry Honey Herb Throat Drops,310868325-X,76.43
Pineapple - Golden,Terazosin hydrochloride,194138037-9,30.0
"Wine - White, Riesling, Semi - Dry",Degree Women UltraClear Pure Rain,833350922-3,48.73
"Beef - Tongue, Cooked",Doxycycline,713432049-9,46.78
Apricots - Dried,Zohydro,155839814-7,5.64
Cognac - Courvaisier,VALSARTAN,537766408-6,41.87
Table Cloth 54x54 Colour,LINGERIE DE PEAU INVISIBLE SKIN-FUSION FOUNDATION WITH SUNSCREEN BROAD SPECTRUM SPF 20 01 BEIGE PALE,165934007-1,66.57
Sauce - Thousand Island,Ropinirole,923670768-8,29.31
Wine - Toasted Head,Tragacanth Gum,281725587-9,26.0
Island Oasis - Banana Daiquiri,Gabapentin,857908004-5,72.6
"Pasta - Rotini, Colour, Dry",Azithromycin,274620646-3,45.67
Butter - Unsalted,Pure Finish Mineral Powder Foundation SPF 20 Pure Finish 9,422772112-1,1.39
Beef - Cow Feet Split,Hemorrhoidal,077320674-4,17.64
Cleaner - Bleach,Diclofenac Sodium,583599518-0,83.77
Coffee - French Vanilla Frothy,Triamcinolone Acetonide,495459466-9,68.73
Calypso - Pineapple Passion,ZERIT,010363000-7,12.96
Pork Salted Bellies,Pleo Cal,525769152-3,77.47
Crab - Soft Shell,Pussy Willow,830571916-2,72.69
"Bread - Multigrain, Loaf",smart sense sinus,795314806-4,63.03
Oranges,ESTRADIOL VALERATE,675603407-3,42.97
"Mushroom - Porcini, Dry",Daytime Sinus Pain and Congestion Relief,819877084-4,40.82
Flower - Commercial Bronze,Sheffield Bacitracin Zinc,454559657-6,72.75
Corn - Mini,Pigweed Mixture,735563444-5,36.14
Longos - Lasagna Veg,Antibacterial Foaming Hand,037318805-6,42.54
Plaintain,Sprayology Stress Relief,827644550-0,36.77
Squid - Breaded,Probenecid and Colchicine,533261408-X,89.08
Lemon Grass,Lyrica,831905901-1,60.18
Broom - Angled,SAVELLA,003103447-0,69.29
Pate - Peppercorn,"Fentanyl Citrate, Bupivacaine HCl",451584201-3,79.64
Langers - Cranberry Cocktail,Pain Relief,364109200-0,72.96
Wine - Hardys Bankside Shiraz,Ginger Blossom Antibacterial Foaming Hand Wash,073723788-0,83.68
Numi - Assorted Teas,Urecholine,646559945-7,36.21
"Flour - Buckwheat, Dark",Macrodantin,046823236-2,42.31
Kiwi,Renewing Antioxidant Treatment SPF 6,279894354-X,34.08
Scallops - Live In Shell,Famotidine,476409073-2,12.72
Coconut Milk - Unsweetened,Carvedilol,861874161-2,75.78
Basil - Pesto Sauce,equaline flu and sore throat,496252034-2,12.14
"Nestea - Ice Tea, Diet",Vanilla Sunscreen Lip Moisturizer,521003619-7,58.94
Cookies - Amaretto,Alendronate Sodium,882465293-X,85.28
Bamboo Shoots - Sliced,Amlodipine besylate/atorvastatin calcium,555991055-4,29.53
Wooden Mop Handle,Gallbladder Liver Meridian Opener,525181652-9,2.32
Nori Sea Weed - Gold Label,Diaper Rash,116398865-0,92.72
Figs,Apricot,172355667-X,19.52
Coffee Beans - Chocolate,DELFLEX,535122443-7,7.21
Waffle Stix,triple antibiotic plus,308947856-0,41.52
Stock - Fish,Dermablend Smooth Indulgence Concealer,634805346-6,13.66
Eggplant Oriental,ENDOCET,167198810-8,44.05
Wine La Vielle Ferme Cote Du,GAVILAX,219967894-6,67.88
Coffee - Flavoured,Bodycology,590498767-6,92.61
English Muffin,Amcinonide,549124525-9,15.65
Mcguinness - Blue Curacao,Ulta Vanilla Sugar Anti-Bacterial Hand Sanitizer,387954643-6,32.63
Bag Clear 10 Lb,Misoprostol,770770842-3,21.81
Bread Fig And Almond,"Pollens - Weeds and Garden Plants, Sagebrush, Mugwort Artemisia vulgaris",809821590-3,75.1
Pastry - Apple Large,IQ Derma regiMEN Hydrating UV Shield,084607712-4,75.65
Nacho Chips,clarithromycin,933401027-4,86.47
Buffalo - Tenderloin,topcare nite time cold and flu relief,366967462-4,87.23
Red Currants,The New Parent First Aid,228994762-8,22.16
Container - Clear 16 Oz,Acyclovir,026813086-8,73.76
Coffee - Irish Cream,Metoprolol Tartrate,744253558-5,75.93
Wine - Ej Gallo Sonoma,CD DIORSKIN NUDE SKIN-GLOWING MAKEUP SUNSCREEN BROAD SPECTRUM SPF 15 030 Medium Beige,901988527-8,98.28
Wine - Cave Springs Dry Riesling,"Detox and Drainage, Blood and Kidney",668027579-2,59.75
Pastry - Cherry Danish - Mini,Mephyton,076749650-7,1.75
Bagelers,Nifedipine,660089204-8,3.94
Chicken - Bones,Dipyridamole,271014501-4,59.75
Cinnamon Rolls,Aqua Rush Fluid,268255465-2,50.7
Pepper - Cubanelle,Promethazine hydrochloride and phenylephrine hydrochloride,208454989-2,98.44
Soap - Hand Soap,Speed Stick,643185192-7,34.41
Langers - Mango Nectar,Folcaps Omega-3,734037765-4,8.78
Muffin Batt - Choc Chk,Lidocaine Hydrochloride,295520365-3,46.97
Vaccum Bag - 14x20,nighttime sleep aid,767799025-8,12.08
Shrimp - 150 - 250,ANTIBACTERIAL FOAMING,894814295-X,68.13
Glass - Juice Clear 5oz 55005,QUERCUS ALBA POLLEN,577689286-4,60.38
Longos - Greek Salad,Rapid Release Pain Relief PM,961322249-9,96.02
Pecan Raisin - Tarts,Simvastatin,879680240-5,45.68
Straw - Regular,Adult CF Cough,421221394-X,62.38
"Veal - Brisket, Provimi, Bone - In",ESIKA PERFECT SKIN COVERAGE CONCEALER SPF 17,174675711-6,26.99
Pear - Asian,NICOTINE,920374276-X,21.1
Cheese - Cheddarsliced,Premier Value Sterile Eye Drops,463178429-6,83.46
Food Colouring - Blue,Hyperactivity - Mental Focus,028735195-5,80.54
Wine - Cotes Du Rhone Parallele,Atenolol,229103605-X,79.13
Cheese - Montery Jack,Spigelia Anthelmia Kit Refill,483356591-9,42.29
Beef - Montreal Smoked Brisket,Aspirin,341101881-X,89.41
"Pepper - Black, Ground",Azithromycin Dihydrate,797997913-3,45.02
Vinegar - Rice,Naproxen,383602636-8,4.39
Lotus Root,Antibacterial Hand Towelettes,982618094-7,91.66
Eggplant Oriental,Cold Sore Treatment,294500146-2,86.89
Veal - Inside,CENTER-AL - HOLCUS LANATUS POLLEN,056870511-4,34.28
"Water - Spring Water, 355 Ml",levomefolate calcium and schizochytrium dha,511761137-3,63.75
Garam Marsala,Facial Boosting Broad Spectrum SPF 15,843177985-3,6.52
Mcguinness - Blue Curacao,Acyclovir,687336005-8,57.96
Chocolate - Liqueur Cups With Foil,Jasmine 3D Whipping Essence,453671137-6,90.79
Chicken - White Meat With Tender,Topcare Dayhist Allergy,879768410-4,14.62
Coffee - Egg Nog Capuccino,up and up adult cough formula dm max,299600359-4,26.21
Compound - Strawberry,Dicyclomine Hydrochloride,688903092-3,47.59
"Cheese - Brie,danish",Cold Multi-Symptom,830030134-8,62.3
Wine - Rioja Campo Viejo,hA2cg Evolution,763582414-7,74.25
Sole - Fillet,Anti-Bacterial Hand,413443039-9,44.97
Soup - Campbells Bean Medley,Simvastatin,692573781-5,22.74
Wiberg Cure,SHISEIDO SHEER MATIFYING COMPACT (REFILL),058671010-8,81.76
"Bag - Bread, White, Plain",SANITAXE,652913723-8,79.87
Chickhen - Chicken Phyllo,Goose Feathers,067379391-5,97.42
Duck - Legs,CENTER-AL - CYNODON DACTYLON POLLEN,188627274-3,79.78
Steel Wool S.o.s,Naropin,551695135-6,96.79
"Pasta - Shells, Medium, Dry",Omeprazole,660901744-1,94.21
Veal - Nuckle,cold relief,179035073-5,22.62
"Beef - Tenderlion, Center Cut",Oxygen,084206694-2,8.93
Thyme - Dried,INSTANT HAND SANITIZER,740848718-2,50.68
Sauce - Hollandaise,Daily Wear Moisturizer SPF-20,276176959-7,1.61
Sugar - Monocystal / Rock,Tolnaftate,844790825-9,28.31
Mushroom Morel Fresh,Saltbush,082422162-1,3.69
Soup - French Onion,Niaspan,449527244-6,64.53
"Shrimp - 16 - 20 Cooked, Peeled",PHENYTOIN SODIUM,409559212-5,80.67
Cleaner - Comet,TOPICLEAR SKIN LIGHTENING,896480410-4,57.81
Chicken - Ground,TOTAL MERCURY,875802075-6,2.03
Puree - Guava,Phentermine Hydrochloride,356750627-7,74.45
Pastry - Banana Tea Loaf,Members Mark Loratadine,918067531-X,94.23
Cookies - Amaretto,PCMX Surgical Scrub,777966327-2,66.47
Calaloo,Neutrogena Norwegian Formula Lip Moisturizer,141785923-7,32.94
Cheese - La Sauvagine,Glipizide,527306490-2,89.82
Bagel - Sesame Seed Presliced,Triple Antibiotic Plus Pain Relief,213764953-5,27.9
"Tomatoes - Cherry, Yellow",CELL BOOSTING BB,371851487-7,84.54
Lemon Grass,Orphenadrine Citrate,032997397-5,37.64
Artichoke - Fresh,AZITHROMYCIN,886451108-3,65.41
Scotch - Queen Anne,Tramadol Hydrochloride and Acetaminophen,675799703-7,46.61
Cheese - Roquefort Pappillon,Fluoxetine,746002103-2,31.39
Corn Shoots,Kiehls Since 1851 Facial Fuel Energizing Moisture Treatment for Men Broad Spectrum SPF 15 Sunscreen,831273037-0,76.74
Muffin Batt - Blueberry Passion,Perrigo Benzoyl Peroxide,495060828-2,80.22
Table Cloth 62x114 White,Betamethasone Dipropionate,305741411-7,4.2
Lettuce - Boston Bib - Organic,Lorazepam,008725914-1,14.89
Soup - Campbells Broccoli,ROPINIROLE HYDROCHLORIDE,146752547-2,56.05
Sugar - Cubes,Hydrochlorothiazide,611732390-5,33.53
Pastry - Mini French Pastries,Anchor Foaming Hand Sanitizer,537354932-0,93.97
"Wine - Red, Pinot Noir, Chateau",Levothyroxine Sodium,062252494-1,96.43
Ecolab - Power Fusion,SHISEIDO SHEER AND PERFECT FOUNDATION,018684214-7,74.45
Nestea - Iced Tea,Opium tincture deodorized,349655116-X,31.91
Cumin - Whole,CD DiorSkin Forever Flawless Perfection Fusion Wear Makeup SPF 25 - 020,191572248-9,72.37
Sauce - Salsa,Lil Drug Store Cold Relief,372093556-6,6.4
Chambord Royal,Tawny Beige Always Color Stay-on Makeup Broad Spectrum SPF 15,078719206-6,39.03
"Pepper - White, Whole",Purminerals 4-in-1 14-Hour Wear Foundation Broad Spectrum SPF 15 (MEDIUM DARK),740415084-1,73.87
Southern Comfort,Cetirizine,695751259-2,44.06
Turkey - Oven Roast Breast,CHENOPODIUM ALBUM POLLEN,447515141-4,83.69
Bananas,Daytime Cough and Cold,510907158-6,32.42
Lime Cordial - Roses,SOLE SERUM,828315914-3,83.49
Bread - White Epi Baguette,Fosinopril Sodium and Hydrochlorothiazide,738272235-X,95.29
Seabream Whole Farmed,IXEMPRA,541437225-X,27.01
"Soup - Knorr, Ministrone",A.H.C. C-SERUM,861005949-9,94.63
"Coconut - Creamed, Pure",Aspirin,763665815-1,17.76
Chips - Miss Vickies,Halls,914048273-1,18.83
Marjoram - Fresh,Bisacodyl,077753468-1,53.5
"Bread - Sticks, Thin, Plain",Degree,974558092-9,26.74
Pork - Side Ribs,Walgreens Corn Remover,283416107-0,61.42
Transfer Sheets,NEUPOGEN,694799775-5,88.81
Chevere Logs,Captopril,984789820-0,28.08
"Pasta - Penne, Lisce, Dry",Diphenhydramine,028344260-3,6.87
"Extract - Vanilla,artificial",FAGUS GRANDIFOLIA POLLEN,267249763-X,36.31
Orange - Blood,Multi Antibiotic with Pain Relief,593936527-2,1.8
Pear - Asian,SIVEXTRO,362859679-3,15.21
Lamb - Shanks,dg health tussin dm,164450766-8,45.42
Filling - Mince Meat,ZIAGEN,856346638-0,69.73
Sugar Thermometer,Smelt,403501180-0,78.07
Table Cloth 54x54 White,Injury,917936927-8,52.27
Salmon Steak - Cohoe 8 Oz,Oxygen,756851066-2,20.58
Cheese - Goat With Herbs,Vancomycin HCl,321227633-9,23.25
Sage - Rubbed,Fluocinonide,438785555-X,65.29
Dip - Tapenade,smart sense acid reducer,119011685-5,29.42
"Pepper - Paprika, Spanish",CLE DE PEAU BEAUTE FOUNDATION I,721907830-7,33.62
Flour - Whole Wheat,Lupaneta Pack,550725014-6,87.66
"Bread - Roll, Italian",ATORVASTATIN CALCIUM,357201526-X,49.56
Tea - Herbal - 6 Asst,Fresh Sugar Coral Tinted Lip Treatment SPF 15,187383730-5,4.11
Beef - Tender Tips,Penicillin V Potassium,231239288-7,54.18
Dry Ice,Paroxetine,162422578-0,39.22
Grand Marnier,Equaline Hemorrhoidal,980157970-6,8.95
Cheese - Cheddar With Claret,Vichy Laboratoires Capital Soleil 30 Broad Spectrum SPF 30 Sunscreen Luxurious Protective,498513516-X,67.51
Nantucket Orange Juice,Stool Softener,901776272-1,45.87
Capers - Pickled,TOPCARE,767837754-1,34.44
Sproutsmustard Cress,Sinus-Tone,212246592-1,21.32
"Salmon - Whole, 4 - 6 Pounds",Quetiapine fumarate,511469721-8,89.1
Dawn Professionl Pot And Pan,CLARINS Extra-Comfort Broad Spectrum SPF 15 Sunscreen Tint 108,002958720-4,67.41
Blouse / Shirt / Sweater,Members Mark Acetaminophen,387671649-7,58.56
Tilapia - Fillets,Dial Pomeganate and Tangerine Antibacterial Soap,447169029-9,77.96
"Tart Shells - Sweet, 3",Piroxicam,510925001-4,12.61
Mints - Striped Red,MAXALT-MLT,813653658-9,31.18
Flour - Semolina,ANTI BACTERIAL HAND SANITIZER,705322807-X,28.71
Danishes - Mini Raspberry,Levofloxacin,477363483-9,50.61
Wine - Tribal Sauvignon,SALIX NIGRA POLLEN,913980656-1,16.93
Salmon Steak - Cohoe 8 Oz,Pedipirox-4 Nail Kit,918073819-2,3.07
Cauliflower,Hydroxyzine Hydrochloride,934262333-6,32.72
Arctic Char - Fillets,BABY DIAPER,963233055-2,78.54
Cheese - Bocconcini,Amitriptyline Hydrochloride,607461607-8,79.37
"Mushroom - Shitake, Dry",Antibacterial Citrus Fresh,005658930-1,13.87
Glaze - Apricot,Oxybutynin Chloride,070012094-7,70.56
"Ham - Smoked, Bone - In",Methylphenidate Hydrochloride,136418807-4,73.33
Wine - Rosso Del Veronese Igt,Metformin Hydrochloride,569126836-8,86.99
Carrots - Mini Red Organic,Alprazolam,643836959-4,13.17
"Lamb - Leg, Diced",Natural Cherry Honey Herb Throat Drops,882899353-7,94.84
"Wine - Red, Metus Rose",Simethicone,121997077-8,24.0
Pie Shells 10,Venlafaxine Hydrochloride,323564757-0,81.14
Cheese - Fontina,Lamb Quarters,595671561-8,33.65
Sea Urchin,Valproic Acid,643938356-6,17.13
"Cherries - Bing, Canned",Poplar,088228792-3,9.35
Wine - Acient Coast Caberne,Midazolam,911731149-7,13.65
Shrimp - 100 / 200 Cold Water,Mucinex,337099437-2,51.84
Cucumber - Pickling Ontario,Flarex,733497212-0,11.42
Beef - Sushi Flat Iron Steak,EQUUS CABALLUS SKIN,365123669-2,90.96
Dry Ice,ABILIFY,012785912-8,71.19
Clementine,Loperamide Hydrochloride,123329319-2,94.49
Asparagus - Mexican,Rimantadine Hydrochloride,249324039-1,21.14
Otomegusa Dashi Konbu,Amoxicillin,693026056-8,34.79
"Apple - Delicious, Golden",LEADER Camphor Spirit,565594744-7,28.58
Ice Cream Bar - Hagen Daz,PERIPLANETA AMERICANA,858291198-X,48.09
Pear - Packum,TUMS,250071095-5,23.85
Lettuce - Spring Mix,Dorzolamide Hydrochloride and Timolol Maleate,459860053-5,5.97
Duck - Whole,Intervene Makeup Broad Spectrum Sunscreen SPF 15 Soft Cameo,356544030-9,35.5
Sprouts - Pea,Acetaminophen,970595462-3,83.1
Onions - Spanish,Nutropin AQ NuSpin 10,732964489-7,9.17
Cheese - Mix,ALOE UP MEDICATED LIP BALM,706584966-X,17.66
Bread Base - Toscano,Lamotrigine,792962110-3,11.48
Anchovy Fillets,Digesto-K,747489176-X,28.18
"Mushroom - Enoki, Dry",Mucus Relief Severe Congestion and Cough,583403962-6,35.51
Carrots - Mini Red Organic,Lotensin HCT,012680700-0,62.93
Jolt Cola,Topcare Ibuprofen PM,786374897-6,70.09
Tea Leaves - Oolong,PROVIGIL,419774202-9,72.64
Puree - Blackcurrant,LISINOPRIL AND HYDROCHLOROTHIAZIDE,083104286-9,76.55
"Tea - Darjeeling, Azzura",RISPERIDONE,933223971-1,64.66
Pork - Smoked Kassler,NoblRose Foam Cleanser,168757683-1,4.14
Limes,DERMAPROT,403149356-8,82.52
Soup V8 Roasted Red Pepper,EQUATE,602525131-2,78.24
Cheese - Perron Cheddar,Losartan Potassium,223004651-9,7.98
"Nut - Walnut, Pieces","QCare Oral Cleansing and Suctioning System, Q4",615854567-8,92.09
Bagel - Everything,FAMCICLOVIR,205951373-1,47.54
Garam Masala Powder,Hydrochlorothiazide,980572380-1,59.06
Pate - Peppercorn,Christian Dior Prestige Brightening Revitalizing UV Base SPF 50,390683577-4,8.26
Cheese - Goat,BackAid,427124261-6,12.51
Clams - Canned,Cold relief,572064729-5,4.62
Corn Shoots,Zaleplon,840607307-1,28.4
"Beans - Turtle, Black, Dry",LBEL EFET PARFAIT Spots Reducing Effect Foundation SPF 18 - MEDIUM 5,621705024-2,12.99
Salt - Seasoned,multi symptom cold,555601479-5,51.62
Soup Campbells Split Pea And Ham,AMOXICILLIN,898352920-2,63.75
Beets - Pickled,Atracurium Besylate,604138276-0,66.15
Plastic Wrap,No Foundation SPF 30,922173508-7,52.48
Broom Handle,Bethanechol Chloride,505913582-9,16.36
"Cherries - Bing, Canned",Cold and Flu Daytime,263676774-6,95.6
Coffee - Flavoured,Fibrocane Relief,941813521-3,74.39
"Juice - Clam, 46 Oz",Cold Spot,664543002-7,99.82
"Sauce - Gravy, Au Jus, Mix",THE CELLIN SUN SCREEN,907803687-7,29.05
Lid - 16 Oz And 32 Oz,WhiskCare 387,119603367-6,80.84
Pork - Smoked Kassler,BANANA BOAT,678974276-X,43.03
Meldea Green Tea Liquor,Antacid Antigas,793444428-1,8.69
"Sauce - Apple, Unsweetened",Hist-PSE,020069272-0,39.62
Shrimp - Prawn,Proactiv Solution Renewing Cleanser,299730911-5,84.2
"Veal - Tenderloin, Untrimmed",Metformin Hydrochloride,830562208-8,95.87
"Wine - Red, Concha Y Toro",Hydrocodone Bitartrate and Acetaminophen,489327800-2,31.13
Beer - Creemore,VERELAN PM,102510991-0,90.32
"Soup - Campbells, Butternut",Cephalexin,825171591-1,11.19
Veal - Bones,Myfortic,529344450-6,31.33
V8 - Vegetable Cocktail,Norvasc,350994990-0,91.93
Juice - V8 Splash,Milk of Magnesia,777979700-7,98.36
"Oil - Olive, Extra Virgin",Potassium Phosphates,995050897-5,41.29
Plaintain,CAFERGOT,478195260-7,44.56
Rabbit - Whole,K-EFFERVESCENT,223238477-2,9.59
"Split Peas - Green, Dry",SUNMARK 12 HOUR ALLERGY RELIEF,444013896-9,75.01
Salmon Atl.whole 8 - 10 Lb,equate acid reducer,897381275-0,14.85
Duck - Whole,SUNLEYA Age minimizing sun care,255900463-1,8.74
Berry Brulee,Nifedipine,531208761-0,65.95
"Wine - Red, Gamay Noir",Sumatriptan Succinate,554837714-0,4.36
Onions - Red Pearl,Badger SPF 35 Sport Sunscreen Cream,139308873-2,4.61
Bagel - Whole White Sesame,Pigweed Mixture,483418233-9,93.83
Munchies Honey Sweet Trail Mix,fulton street market cold,752818505-1,49.02
Juice - Orange 1.89l,Primidone,281878673-8,56.8
Cafe Royale,Lorcet 10/650,825773621-X,17.06
Wine - Rioja Campo Viejo,ibuprofen,126194050-4,98.49
Yokaline,FRESH SPLASH SCENTED HAND SANITIZER,247836314-3,19.96
Shrimp - Black Tiger 8 - 12,Estradiol,496608073-8,59.96
Cheese - St. Andre,Losartan Potassium,641043766-8,62.39
Longos - Grilled Salmon With Bbq,Carbidopa and Levodopa,552497479-3,8.64
"Bar Mix - Pina Colada, 355 Ml",Doxycycline,307219461-0,71.43
Rabbit - Frozen,Aconitum e tub. 30,633540771-X,28.36
Soup V8 Roasted Red Pepper,Gentamicin,933884294-0,32.49
"Pork - Back, Long Cut, Boneless",GUINOT Ultra UV Sunscreen High Protection Sun For The Face SPF 30,939017051-6,51.21
Chicken Giblets,FORTAZ,486355915-1,23.96
Wine - Fontanafredda Barolo,CARBAMAZEPINE,841977448-0,27.84
Beans - Fava Fresh,HYLENEX Recombinant,568063078-8,14.37
Pepper - Chilli Seeds Mild,One Step Hand Sanitizer,606137779-7,68.56
Crackers Cheez It,Nasal Four,057950781-5,26.79
Eggs - Extra Large,Ibuprofen,000871334-0,50.46
Pepper - Yellow Bell,Loratadine,023856086-4,4.02
Boogies,Montelukast Sodium,947867164-2,86.29
"Juice - Orange, 341 Ml",Citroma,553190235-2,17.31
